[
{
    "model": "network.guts_network",
    "pk": 1,
    "fields": {
        "network": "10.225.16.0/20",
        "description": "\u041c\u0413\u0421-01"
    }
},
{
    "model": "network.guts_network",
    "pk": 2,
    "fields": {
        "network": "10.225.32.0/20",
        "description": "\u041c\u0413\u0421-02"
    }
},
{
    "model": "network.guts_network",
    "pk": 3,
    "fields": {
        "network": "10.225.48.0/20",
        "description": "\u041c\u0413\u0421-03"
    }
},
{
    "model": "network.guts_network",
    "pk": 4,
    "fields": {
        "network": "10.225.64.0/20",
        "description": "\u041c\u0413\u0421-04"
    }
},
{
    "model": "network.guts_network",
    "pk": 5,
    "fields": {
        "network": "10.225.80.0/20",
        "description": "\u041c\u0413\u0421-05"
    }
},
{
    "model": "network.guts_network",
    "pk": 6,
    "fields": {
        "network": "10.225.96.0/20",
        "description": "\u041c\u0413\u0421-06"
    }
},
{
    "model": "network.guts_network",
    "pk": 7,
    "fields": {
        "network": "10.225.112.0/20",
        "description": "\u041c\u0413\u0421-07"
    }
},
{
    "model": "network.guts_network",
    "pk": 8,
    "fields": {
        "network": "10.225.128.0/20",
        "description": "\u041c\u0413\u0421-08"
    }
},
{
    "model": "network.guts_network",
    "pk": 9,
    "fields": {
        "network": "10.225.144.0/20",
        "description": "\u041c\u0413\u0421-09"
    }
},
{
    "model": "network.guts_network",
    "pk": 10,
    "fields": {
        "network": "10.225.160.0/20",
        "description": "\u041c\u0413\u0421-10"
    }
},
{
    "model": "network.guts_network",
    "pk": 11,
    "fields": {
        "network": "10.225.176.0/20",
        "description": "\u041c\u0413\u0421-11"
    }
},
{
    "model": "network.guts_network",
    "pk": 12,
    "fields": {
        "network": "10.225.192.0/20",
        "description": "\u041c\u0413\u0421-12"
    }
},
{
    "model": "network.guts_network",
    "pk": 13,
    "fields": {
        "network": "10.225.208.0/20",
        "description": "\u041c\u0413\u0421-13"
    }
},
{
    "model": "network.guts_network",
    "pk": 14,
    "fields": {
        "network": "10.225.224.0/20",
        "description": "\u041c\u0413\u0421-14"
    }
},
{
    "model": "network.guts_network",
    "pk": 15,
    "fields": {
        "network": "10.225.240.0/20",
        "description": "\u041c\u0413\u0421-15"
    }
},
{
    "model": "network.guts_network",
    "pk": 16,
    "fields": {
        "network": "10.201.64.0/20",
        "description": "\u041c\u0413\u0421-16"
    }
},
{
    "model": "network.guts_network",
    "pk": 17,
    "fields": {
        "network": "10.201.80.0/20",
        "description": "\u041c\u0413\u0421-17"
    }
},
{
    "model": "network.guts_network",
    "pk": 18,
    "fields": {
        "network": "10.201.96.0/20",
        "description": "\u041c\u0413\u0421-18"
    }
},
{
    "model": "network.guts_network",
    "pk": 19,
    "fields": {
        "network": "10.201.112.0/20",
        "description": "\u041c\u0413\u0421-19"
    }
},
{
    "model": "network.guts_network",
    "pk": 20,
    "fields": {
        "network": "10.201.128.0/20",
        "description": "\u041c\u0413\u0421-20"
    }
},
{
    "model": "network.guts_network",
    "pk": 21,
    "fields": {
        "network": "10.201.144.0/20",
        "description": "\u041c\u0413\u0421-21"
    }
},
{
    "model": "network.guts_network",
    "pk": 22,
    "fields": {
        "network": "10.201.160.0/20",
        "description": "\u041c\u0413\u0421-22"
    }
},
{
    "model": "network.lag",
    "pk": 1,
    "fields": {
        "title": 1
    }
},
{
    "model": "network.lag",
    "pk": 2,
    "fields": {
        "title": 101
    }
},
{
    "model": "network.lag",
    "pk": 3,
    "fields": {
        "title": 102
    }
},
{
    "model": "network.lag",
    "pk": 4,
    "fields": {
        "title": 103
    }
},
{
    "model": "network.lag",
    "pk": 5,
    "fields": {
        "title": 104
    }
},
{
    "model": "network.lag",
    "pk": 6,
    "fields": {
        "title": 105
    }
},
{
    "model": "network.lag",
    "pk": 7,
    "fields": {
        "title": 106
    }
},
{
    "model": "network.lag",
    "pk": 8,
    "fields": {
        "title": 107
    }
},
{
    "model": "network.lag",
    "pk": 9,
    "fields": {
        "title": 108
    }
},
{
    "model": "network.lag",
    "pk": 10,
    "fields": {
        "title": 110
    }
},
{
    "model": "network.lag",
    "pk": 11,
    "fields": {
        "title": 111
    }
},
{
    "model": "network.lag",
    "pk": 12,
    "fields": {
        "title": 112
    }
},
{
    "model": "network.lag",
    "pk": 13,
    "fields": {
        "title": 113
    }
},
{
    "model": "network.lag",
    "pk": 14,
    "fields": {
        "title": 114
    }
},
{
    "model": "network.lag",
    "pk": 15,
    "fields": {
        "title": 115
    }
},
{
    "model": "network.lag",
    "pk": 16,
    "fields": {
        "title": 116
    }
},
{
    "model": "network.lag",
    "pk": 17,
    "fields": {
        "title": 120
    }
},
{
    "model": "network.lag",
    "pk": 18,
    "fields": {
        "title": 137
    }
},
{
    "model": "network.lag",
    "pk": 19,
    "fields": {
        "title": 109
    }
},
{
    "model": "network.mgs",
    "pk": 1,
    "fields": {
        "mgs_num": 1,
        "address": "\u041a\u0443\u043b\u0442\u0443\u043a\u0441\u043a\u0430\u044f, 13",
        "lag": 2
    }
},
{
    "model": "network.mgs",
    "pk": 2,
    "fields": {
        "mgs_num": 2,
        "address": "\u0411\u0430\u0439\u043a\u0430\u043b\u044c\u0441\u043a\u0430\u044f, 216 \u0430/5",
        "lag": 3
    }
},
{
    "model": "network.mgs",
    "pk": 3,
    "fields": {
        "mgs_num": 3,
        "address": "\u0411\u043e\u0440\u043e\u0434\u0438\u043d\u0430, 11/4",
        "lag": 4
    }
},
{
    "model": "network.mgs",
    "pk": 4,
    "fields": {
        "mgs_num": 4,
        "address": "\u0418\u0440\u043a\u0443\u0442\u0441\u043a, \u0443\u043b. \u041c\u0430\u043c\u0438\u043d\u0430-\u0421\u0438\u0431\u0438\u0440\u044f\u043a\u0430, 6",
        "lag": 5
    }
},
{
    "model": "network.mgs",
    "pk": 5,
    "fields": {
        "mgs_num": 5,
        "address": "\u0418\u0440\u043a\u0443\u0442\u0441\u043a, \u0443\u043b. \u041c\u0438\u0440\u043e\u0432\u043d\u043e\u0432\u0430, 3",
        "lag": 6
    }
},
{
    "model": "network.mgs",
    "pk": 6,
    "fields": {
        "mgs_num": 6,
        "address": "\u0418\u0440\u043a\u0443\u0442\u0441\u043a, \u0443\u043b. \u0411\u0430\u0443\u043c\u0430\u043d\u0430, 214/6",
        "lag": 7
    }
},
{
    "model": "network.mgs",
    "pk": 7,
    "fields": {
        "mgs_num": 7,
        "address": "\u0418\u0440\u043a\u0443\u0442\u0441\u043a, \u0443\u043b. \u041c\u0438\u0440\u0430, 16",
        "lag": 7
    }
},
{
    "model": "network.mgs",
    "pk": 8,
    "fields": {
        "mgs_num": 8,
        "address": "\u0418\u0440\u043a\u0443\u0442\u0441\u043a, \u0443\u043b. \u0411\u0430\u0439\u043a\u0430\u043b\u044c\u0441\u043a\u0430\u044f, 291/2",
        "lag": 9
    }
},
{
    "model": "network.mgs",
    "pk": 9,
    "fields": {
        "mgs_num": 9,
        "address": "\u0418\u0440\u043a\u0443\u0442\u0441\u043a, 13-\u0439 \u0421\u043e\u0432\u0435\u0442\u0441\u043a\u0438\u0439 \u043f\u0435\u0440. 2/1",
        "lag": 19
    }
},
{
    "model": "network.mgs",
    "pk": 10,
    "fields": {
        "mgs_num": 10,
        "address": "\u0418\u0440\u043a\u0443\u0442\u0441\u043a, \u0443\u043b. \u042f\u0434\u0440\u0438\u043d\u0446\u0435\u0432\u0430, 29/6",
        "lag": 10
    }
},
{
    "model": "network.mgs",
    "pk": 11,
    "fields": {
        "mgs_num": 11,
        "address": "\u0418\u0440\u043a\u0443\u0442\u0441\u043a, \u0443\u043b. \u0420\u0430\u0431\u043e\u0447\u0435\u0433\u043e \u0428\u0442\u0430\u0431\u0430, 1/4",
        "lag": 11
    }
},
{
    "model": "network.mgs",
    "pk": 12,
    "fields": {
        "mgs_num": 12,
        "address": "\u0418\u0440\u043a\u0443\u0442\u0441\u043a, \u0443\u043b. \u041b\u0435\u0440\u043c\u043e\u043d\u0442\u043e\u0432\u0430, 297 \u0433",
        "lag": 12
    }
},
{
    "model": "network.mgs",
    "pk": 13,
    "fields": {
        "mgs_num": 13,
        "address": "\u0418\u0440\u043a\u0443\u0442\u0441\u043a, \u0423\u043d\u0438\u0432\u0435\u0440\u0441\u0438\u0442\u0435\u0442\u0441\u043a\u0438\u0439 \u043c\u043a\u0440, 9 \u0430",
        "lag": 13
    }
},
{
    "model": "network.mgs",
    "pk": 14,
    "fields": {
        "mgs_num": 14,
        "address": "\u0418\u0440\u043a\u0443\u0442\u0441\u043a, \u0431-\u0440 \u0420\u044f\u0431\u0438\u043a\u043e\u0432\u0430, 20 \u0431",
        "lag": 14
    }
},
{
    "model": "network.mgs",
    "pk": 15,
    "fields": {
        "mgs_num": 15,
        "address": "\u0428\u0435\u043b\u0435\u0445\u043e\u0432, 4-\u0439 \u043a\u0432-\u043b, 6",
        "lag": 14
    }
},
{
    "model": "network.ms",
    "pk": 6,
    "fields": {
        "mgs": 2,
        "num_in_mgs": 1
    }
},
{
    "model": "network.ms",
    "pk": 11,
    "fields": {
        "mgs": 5,
        "num_in_mgs": 1
    }
},
{
    "model": "network.ms",
    "pk": 13,
    "fields": {
        "mgs": 1,
        "num_in_mgs": 1
    }
},
{
    "model": "network.campus",
    "pk": 11,
    "fields": {
        "prefix": "ppk",
        "ms": 6,
        "num_in_ms": 1
    }
},
{
    "model": "network.campus",
    "pk": 13,
    "fields": {
        "prefix": "ppk",
        "ms": 6,
        "num_in_ms": 2
    }
},
{
    "model": "network.campus",
    "pk": 21,
    "fields": {
        "prefix": "ppk",
        "ms": 11,
        "num_in_ms": 1
    }
},
{
    "model": "network.campus",
    "pk": 42,
    "fields": {
        "prefix": "ppk",
        "ms": 13,
        "num_in_ms": 1
    }
},
{
    "model": "network.thread",
    "pk": 82,
    "fields": {
        "campus": 42,
        "num_in_campus": 1,
        "outvlan": 701,
        "mapvlan": 470
    }
},
{
    "model": "network.thread",
    "pk": 83,
    "fields": {
        "campus": 42,
        "num_in_campus": 2,
        "outvlan": 702,
        "mapvlan": 471
    }
},
{
    "model": "network.thread",
    "pk": 84,
    "fields": {
        "campus": 42,
        "num_in_campus": 3,
        "outvlan": 703,
        "mapvlan": 472
    }
},
{
    "model": "network.thread",
    "pk": 85,
    "fields": {
        "campus": 42,
        "num_in_campus": 4,
        "outvlan": 704,
        "mapvlan": 473
    }
},
{
    "model": "network.subnet",
    "pk": 74,
    "fields": {
        "thread": 83,
        "network": "10.225.16.16/28",
        "gw": "0.0.0.0"
    }
},
{
    "model": "network.subnet",
    "pk": 75,
    "fields": {
        "thread": 84,
        "network": "10.225.16.32/28",
        "gw": "0.0.0.0"
    }
},
{
    "model": "network.subnet",
    "pk": 76,
    "fields": {
        "thread": 85,
        "network": "10.225.16.48/28",
        "gw": "0.0.0.0"
    }
},
{
    "model": "network.subnet",
    "pk": 78,
    "fields": {
        "thread": 82,
        "network": "10.225.16.0/28",
        "gw": "10.225.16.14"
    }
},
{
    "model": "network.vendors",
    "pk": 1,
    "fields": {
        "title": "D-Link"
    }
},
{
    "model": "network.vendors",
    "pk": 2,
    "fields": {
        "title": "ZTE"
    }
},
{
    "model": "network.vendors",
    "pk": 3,
    "fields": {
        "title": "Huawei"
    }
},
{
    "model": "network.vendors",
    "pk": 4,
    "fields": {
        "title": "QTECH"
    }
},
{
    "model": "network.port_type",
    "pk": 0,
    "fields": {
        "title": "\u041c\u0430\u0433\u0438\u0441\u0442\u0440\u0430\u043b\u044c\u043d\u044b\u0439 \u043f\u043e\u0440\u0442",
        "default_description": "UPLINK",
        "color": "#9999ff"
    }
},
{
    "model": "network.port_type",
    "pk": 1,
    "fields": {
        "title": "\u0420\u0430\u0441\u043f\u0440\u0435\u0434\u0435\u043b\u0438\u0442\u0435\u043b\u044c\u043d\u044b\u0439 \u043f\u043e\u0440\u0442",
        "default_description": "BRANCH",
        "color": ""
    }
},
{
    "model": "network.port_type",
    "pk": 3,
    "fields": {
        "title": "PPPoE-\u043f\u043e\u0434\u043a\u043b\u044e\u0447\u0435\u043d\u0438\u0435",
        "default_description": "PPPOE_CLIENT",
        "color": "#99ff99"
    }
},
{
    "model": "network.port_type",
    "pk": 4,
    "fields": {
        "title": "\u041f\u0440\u043e\u0447\u0435\u0435-\u043f\u043e\u0434\u043a\u043b\u044e\u0447\u0435\u043d\u0438\u0435",
        "default_description": "SPECIAL_PORT",
        "color": ""
    }
},
{
    "model": "network.port_type",
    "pk": 5,
    "fields": {
        "title": "\u0421\u0438\u0433\u043d\u0430\u043b\u0438\u0437\u0430\u0442\u043e\u0440",
        "default_description": "SIGNAL_PORT",
        "color": ""
    }
},
{
    "model": "network.port_type",
    "pk": 99,
    "fields": {
        "title": "\u041d\u0435\u0438\u0441\u043f\u0440\u0430\u0432\u043d\u044b\u0439 \u043f\u043e\u0440\u0442",
        "default_description": "BAD_PORT",
        "color": ""
    }
},
{
    "model": "network.sw_model",
    "pk": 1,
    "fields": {
        "vendor": 1,
        "title": "DES-1228/ME A2",
        "eqm_type": "DES-1228/ME",
        "fw_version": "Build 1.60.R02",
        "fw_file": "fw/dlink/DES1228ME_1.60.R02.had",
        "fw_update_commands": "\u041f\u043e\u0441\u043b\u0435\u0434\u043d\u044f\u044f \u043f\u0440\u043e\u0442\u0435\u0441\u0442\u0438\u0440\u043e\u0432\u0430\u043d\u043d\u0430\u044f \u0432\u0435\u0440\u0441\u0438\u044f <FW>\r\n\r\n\u0414\u043b\u044f \u043e\u0431\u043d\u043e\u0432\u043b\u0435\u043d\u0438\u044f \u041f\u041e \u043c\u043e\u0436\u043d\u043e \u0432\u043e\u0441\u043f\u043e\u043b\u044c\u0437\u043e\u0432\u0430\u0442\u044c\u0441\u044f \u043a\u043e\u043c\u043c\u0430\u043d\u0434\u043e\u0439:\r\n\r\ndownload firmware_fromTFTP <TFTP_IP> <FW_FILE> image_id 1",
        "hw_version": "A2",
        "ports_count": 28,
        "ports_names": "1,2,3,4,5,6,7,8,9,10,11,12,13,14,15,16,17,18,19,20,21,22,23,24,25,26,27,28",
        "ports_types": "3,3,3,3,3,3,3,3,3,3,3,3,3,3,3,3,3,3,3,3,3,3,3,3,0,0,1,1",
        "cfg_template": "",
        "cfg_download_commands": "\u0414\u043b\u044f \u0437\u0430\u0433\u0440\u0443\u0437\u043a\u0438 \u043a\u043e\u043d\u0444\u0438\u0433\u0430 \u043d\u0430 \u043a\u043e\u043c\u043c\u0443\u0442\u0430\u0442\u043e\u0440 \u0438\u0441\u043f\u043e\u043b\u044c\u0437\u0443\u0439\u0442\u0435 \u043a\u043e\u043c\u043c\u0430\u043d\u0434\u044b:\r\n\r\ndownload cfg_fromTFTP <TFTP_IP> <CFG_FILE> config_id 1\r\nreboot\r\n\r\n\r\n\u0427\u0442\u043e\u0431\u044b \u0437\u0430\u0433\u0440\u0443\u0437\u0438\u0442\u044c \u043a\u043e\u043d\u0444\u0438\u0433\u0443\u0440\u0430\u0446\u0438\u044e \u0441 \u043f\u043e\u043c\u043e\u0449\u044c\u044e \u043f\u0440\u043e\u0442\u043e\u043a\u043e\u043b\u0430 SNMP \u0438\u0441\u043f\u043e\u043b\u044c\u0437\u0443\u0439\u0442\u0435 \u0441\u043b\u0435\u0434\u0443\u044e\u0449\u0438\u0435 \u043a\u043e\u043c\u0430\u043d\u0434\u044b:\r\n\r\nsnmpset -v2c -c <RW_COMMUNITY> <IP> 1.3.6.1.4.1.171.12.1.2.1.1.3.3 a <TFTP_IP>\r\nsnmpset -v2c -c <RW_COMMUNITY> <IP> 1.3.6.1.4.1.171.12.1.2.1.1.4.3 i 2\r\nsnmpset -v2c -c <RW_COMMUNITY> <IP> 1.3.6.1.4.1.171.12.1.2.1.1.5.3 s <CFG_FILE>\r\nsnmpset -v2c -c <RW_COMMUNITY> <IP> 1.3.6.1.4.1.171.12.1.2.1.1.7.3 i 3\r\nsnmpset -v2c -c <RW_COMMUNITY> <IP> 1.3.6.1.4.1.171.12.1.2.1.1.8.3 i 3"
    }
},
{
    "model": "network.sw_model",
    "pk": 2,
    "fields": {
        "vendor": 1,
        "title": "DES-3200-52 C1",
        "eqm_type": "",
        "fw_version": "",
        "fw_file": "",
        "fw_update_commands": "",
        "hw_version": "",
        "ports_count": 52,
        "ports_names": "1,2,3,4,5,6,7,8,9,10,11,12,13,14,15,16,17,18,19,20,21,22,23,24,25,26,27,28,29,30,31,32,33,34,35,36,37,38,39,40,41,42,43,44,45,46,47,48,49,50,51,52",
        "ports_types": "3,3,3,3,3,3,3,3,3,3,3,3,3,3,3,3,3,3,3,3,3,3,3,3,3,3,3,3,3,3,3,3,3,3,3,3,3,3,3,3,3,3,3,3,3,3,3,3,1,1,0,0",
        "cfg_template": "",
        "cfg_download_commands": ""
    }
},
{
    "model": "network.sw_model",
    "pk": 3,
    "fields": {
        "vendor": 1,
        "title": "DES-1228/ME B1",
        "eqm_type": "DES-1228/ME/B1A",
        "fw_version": "Build 2.30.B009",
        "fw_file": "fw/dlink/DES1228_Run_2_30_B009.had",
        "fw_update_commands": "\u0414\u043b\u044f \u043e\u0431\u043d\u043e\u0432\u043b\u0435\u043d\u0438\u044f \u041f\u041e \u043c\u043e\u0436\u043d\u043e \u0432\u043e\u0441\u043f\u043e\u043b\u044c\u0437\u043e\u0432\u0430\u0442\u044c\u0441\u044f \u043a\u043e\u043c\u043c\u0430\u043d\u0434\u043e\u0439:\r\n\r\ndownload firmware_fromTFTP <TFTP_IP> <FW_FILE> image_id 1",
        "hw_version": "B1",
        "ports_count": 28,
        "ports_names": "1,2,3,4,5,6,7,8,9,10,11,12,13,14,15,16,17,18,19,20,21,22,23,24,25,26,27,28",
        "ports_types": "3,3,3,3,3,3,3,3,3,3,3,3,3,3,3,3,3,3,3,3,3,3,3,3,1,1,0,0",
        "cfg_template": "",
        "cfg_download_commands": "\u0414\u043b\u044f \u0437\u0430\u0433\u0440\u0443\u0437\u043a\u0438 \u043a\u043e\u043d\u0444\u0438\u0433\u0430 \u043d\u0430 \u043a\u043e\u043c\u043c\u0443\u0442\u0430\u0442\u043e\u0440 \u0438\u0441\u043f\u043e\u043b\u044c\u0437\u0443\u0439\u0442\u0435 \u043a\u043e\u043c\u043c\u0430\u043d\u0434\u044b:\r\n\r\ndownload cfg_fromTFTP <TFTP_IP> <CFG_FILE> config_id 1\r\nreboot\r\n\r\n\r\n\u0427\u0442\u043e\u0431\u044b \u0437\u0430\u0433\u0440\u0443\u0437\u0438\u0442\u044c \u043a\u043e\u043d\u0444\u0438\u0433\u0443\u0440\u0430\u0446\u0438\u044e \u0441 \u043f\u043e\u043c\u043e\u0449\u044c\u044e \u043f\u0440\u043e\u0442\u043e\u043a\u043e\u043b\u0430 SNMP \u0438\u0441\u043f\u043e\u043b\u044c\u0437\u0443\u0439\u0442\u0435 \u0441\u043b\u0435\u0434\u0443\u044e\u0449\u0438\u0435 \u043a\u043e\u043c\u0430\u043d\u0434\u044b:\r\n\r\nsnmpset -v2c -c <RW_COMMUNITY> <IP> 1.3.6.1.4.1.171.12.1.2.1.1.3.3 a <TFTP_IP>\r\nsnmpset -v2c -c <RW_COMMUNITY> <IP> 1.3.6.1.4.1.171.12.1.2.1.1.4.3 i 2\r\nsnmpset -v2c -c <RW_COMMUNITY> <IP> 1.3.6.1.4.1.171.12.1.2.1.1.5.3 s <CFG_FILE>\r\nsnmpset -v2c -c <RW_COMMUNITY> <IP> 1.3.6.1.4.1.171.12.1.2.1.1.7.3 i 3\r\nsnmpset -v2c -c <RW_COMMUNITY> <IP> 1.3.6.1.4.1.171.12.1.2.1.1.8.3 i 3"
    }
},
{
    "model": "network.sw_model",
    "pk": 4,
    "fields": {
        "vendor": 3,
        "title": "s2350-28TP-EI-AC",
        "eqm_type": "S2350-28TP-EI-AC",
        "fw_version": "S2350EI-V200R009C00SPC500",
        "fw_file": "fw/huawei/s2350/S2350EI-V200R009C00SPC500.cc",
        "fw_update_commands": "\u041d\u0430\u0441\u0442\u0440\u043e\u0439\u043a\u0430 ip \u0438\u043d\u0442\u0435\u0440\u0444\u0435\u0439\u0441\u0430\r\n\r\nsystem-view\r\n\r\ninterface vlanif 1\r\nip address [free]\r\nq\r\nq\r\n\r\n\u041f\u0440\u043e\u0448\u0438\u0432\u043a\u0430\r\n\r\n\u041e\u0431\u0440\u0430\u0442\u0438\u0442\u0435 \u0432\u043d\u0438\u043c\u0430\u043d\u0438\u0435 \u043d\u0430 \u0442\u0443 \u043f\u0440\u043e\u0448\u0438\u0432\u043a\u0443, \u043a\u043e\u0442\u043e\u0440\u0430\u044f \u0441\u0435\u0439\u0447\u0430\u0441 \u0443\u0441\u0442\u0430\u043d\u043e\u0432\u043b\u0435\u043d\u0430 \u043d\u0430 \u043a\u043e\u043c\u043c\u0443\u0442\u0430\u0442\u043e\u0440\u0435. \u041a\u043e\u043d\u0446\u0435\u043f\u0442\u0443\u0430\u043b\u044c\u043d\u043e \u0434\u043e\u043b\u0436\u043d\u0430 \u0431\u044b\u0442\u044c \u0432\u0435\u0440\u0441\u0438\u044f \"<FW>\"\r\n\r\ndisplay version\r\n\r\n\u0414\u043b\u044f \u043f\u0440\u043e\u0448\u0438\u0432\u043a\u0438 \u0438\u0441\u043f\u043e\u043b\u044c\u0437\u0443\u0439\u0442\u0435 \u0441\u043b\u0435\u0434\u0443\u044e\u0449\u0438\u0435 \u043a\u043e\u043c\u0430\u043d\u0434\u044b:\r\n\r\n<b>\u0421\u043f\u043e\u0441\u043e\u0431 \u21161 (\u0417\u0430\u043b\u0438\u0432\u043a\u0430 \u0441\u043e\u0444\u0442\u0430 c FTP \u0441\u0435\u0440\u0432\u0435\u0440\u0430 \u043d\u0430 \u043a\u043e\u043c\u043c\u0443\u0442\u0430\u0442\u043e\u0440)</b>\r\n\r\npatch delete all\r\n\r\nftp <TFTP_IP>\r\n[ftp_login]\r\n[ftp_password]\r\nbinary\r\nget <FW_FILE>\r\nq\r\n\r\nstartup system-software flash:/s2350ei-v200r009c00spc500.cc\r\n\r\n<b>\u0421\u043f\u043e\u0441\u043e\u0431 \u21162 (\u0417\u0430\u043b\u0438\u0432\u043a\u0430 \u0441\u043e\u0444\u0442\u0430 \u043d\u0430 FTP \u0441\u0435\u0440\u0432\u0435\u0440 \u043a\u043e\u043c\u043c\u0443\u0442\u0430\u0442\u043e\u0440\u0430)</b>\r\npatch delete all\r\n\r\nsys-view\r\n\r\nftp server enable\r\n\r\naaa\r\nlocal-user admin password irreversible-cipher K0l0tundr@351\r\nlocal-user admin privilege level 15\r\nlocal-user admin service-type ftp\r\nlocal-user admin ftp-directory flash:/\r\nq\r\nq\r\n\r\n\u0421\u043e \u0441\u0432\u043e\u0435\u0439 \u043c\u0430\u0448\u0438\u043d\u044b \u0438\u043b\u0438 \u0441\u0435\u0440\u0432\u0435\u0440\u0430 cus \u043f\u043e\u0434\u043a\u043b\u044e\u0447\u0430\u0435\u043c\u0441\u044f \u043a ftp \u0441\u0435\u0440\u0432\u0435\u0440\u0443 \u043d\u0430 \u043a\u043e\u043c\u043c\u0443\u0442\u0430\u0442\u043e\u0440\u0435\r\nftp 10.111.31.*FREE*\r\n\r\nadmin\r\nK0l0tundr@351\r\n\r\nbinary\r\n\r\nput /var/tftp/huawei/s2350/S2350EI-V200R009C00SPC500.cc\r\n\r\n*/var/tftp/huawei/s2350/ - \u0441\u0441\u044b\u043b\u043a\u0430 \u043d\u0430 \u043f\u0430\u043f\u043a\u0443 \u0441 \u043f\u0440\u043e\u0448\u0438\u0432\u043a\u043e\u0439 \u043d\u0430 \u043c\u0430\u0448\u0438\u043d\u0435, \u0441 \u043a\u043e\u0442\u043e\u0440\u043e\u0439 \u0432\u044b \u043f\u043e\u0434\u043a\u043b\u044e\u0447\u0438\u043b\u0438\u0441\u044c\r\n\r\n\u041d\u0430 \u043a\u043e\u043c\u043c\u0443\u0442\u0430\u0442\u043e\u0440\u0435:\r\n\r\nstartup system-software flash:/s2350ei-v200r009c00spc500.cc\r\n\r\n<b>\u0421\u043f\u043e\u0441\u043e\u0431 \u21163 (\u043f\u043e TFTP)</b>\r\n\u041e\u0431\u043d\u043e\u0432\u043b\u0435\u043d\u0438\u0435 \u043f\u043e TFTP \u043c\u043e\u0436\u0435\u0442 \u0437\u0430\u043d\u044f\u0442\u044c \u043f\u0440\u043e\u0434\u043e\u043b\u0436\u0438\u0442\u0435\u043b\u044c\u043d\u043e\u0435 \u0432\u0440\u0435\u043c\u044f!\r\n\r\ntftp <TFTP_IP> get <FW_FILE>",
        "hw_version": "",
        "ports_count": 28,
        "ports_names": "Ethernet0/0/1,Ethernet0/0/2,Ethernet0/0/3,Ethernet0/0/4,Ethernet0/0/5,Ethernet0/0/6,Ethernet0/0/7,Ethernet0/0/8,Ethernet0/0/9,Ethernet0/0/10,Ethernet0/0/11,Ethernet0/0/12,Ethernet0/0/13,Ethernet0/0/14,Ethernet0/0/15,Ethernet0/0/16,Ethernet0/0/17,Ethernet0/0/18,Ethernet0/0/19,Ethernet0/0/20,Ethernet0/0/21,Ethernet0/0/21,Ethernet0/0/22,Ethernet0/0/24,GigabitEthernet0/0/1,GigabitEthernet0/0/2,GigabitEthernet0/0/3,GigabitEthernet0/0/4",
        "ports_types": "3,3,3,3,3,3,3,3,3,3,3,3,3,3,3,3,3,3,3,3,3,3,3,3,0,0,1,1",
        "cfg_template": "",
        "cfg_download_commands": "\u0414\u043b\u044f \u0437\u0430\u0433\u0440\u0443\u0437\u043a\u0438 \u043a\u043e\u043d\u0444\u0438\u0433\u0430 \u043d\u0430 \u043a\u043e\u043c\u043c\u0443\u0442\u0430\u0442\u043e\u0440 \u0438\u0441\u043f\u043e\u043b\u044c\u0437\u0443\u0439\u0442\u0435 \u043a\u043e\u043c\u043c\u0430\u043d\u0434\u044b:\r\n\r\ntftp <TFTP_IP> get <CFG_FILE> vrp.cfg\r\n\r\nstartup saved-configuration flash:/vrp.cfg\r\nreboot fast\r\ny"
    }
},
{
    "model": "network.sw_model",
    "pk": 5,
    "fields": {
        "vendor": 1,
        "title": "DES-3200-26 A1",
        "eqm_type": "",
        "fw_version": "",
        "fw_file": "",
        "fw_update_commands": "",
        "hw_version": "",
        "ports_count": 26,
        "ports_names": "1,2,3,4,5,6,7,8,9,10,11,12,13,14,15,16,17,18,19,20,21,22,23,24,25,26",
        "ports_types": "3,3,3,3,3,3,3,3,3,3,3,3,3,3,3,3,3,3,3,3,3,3,3,3,0,0",
        "cfg_template": "",
        "cfg_download_commands": ""
    }
},
{
    "model": "network.sw_model",
    "pk": 6,
    "fields": {
        "vendor": 1,
        "title": "DES-3200-10 C1",
        "eqm_type": "DES-3200-10/C1A",
        "fw_version": "Build 4.44 B001",
        "fw_file": "fw/dlink/DES3200R_4.44.B001.had",
        "fw_update_commands": "\u041e\u0431\u0440\u0430\u0442\u0438\u0442\u0435 \u0432\u043d\u0438\u043c\u0430\u043d\u0438\u0435 \u043d\u0430 \u0442\u0443 \u043f\u0440\u043e\u0448\u0438\u0432\u043a\u0443, \u043a\u043e\u0442\u043e\u0440\u0430\u044f \u0441\u0435\u0439\u0447\u0430\u0441 \u0443\u0441\u0442\u0430\u043d\u043e\u0432\u043b\u0435\u043d\u0430 \u043d\u0430 \u043a\u043e\u043c\u043c\u0443\u0442\u0430\u0442\u043e\u0440\u0435. \r\n\u0415\u0441\u043b\u0438 \u043e\u043d\u0430 \u043d\u0438\u0436\u0435 4.38 \u0432\u0435\u0442\u043a\u0438, \u0442\u043e \u043d\u0430\u0434\u043e \u0441\u043d\u0430\u0447\u0430\u043b\u0430 \u043e\u0431\u043d\u043e\u0432\u0438\u0442\u044c \u0435\u0433\u043e \u043d\u0430 \u043f\u0440\u043e\u043c\u0435\u0436\u0443\u0442\u043e\u0447\u043d\u0443\u044e \u043f\u0440\u043e\u0448\u0438\u0432\u043a\u0443: DES3200R_4.38.B000.had\r\n\r\ndownload firmware_fromTFTP <TFTP_IP> src_file fw/dlink/DES3200R_4.38.B000.had\r\nreboot\r\n\r\n\u0414\u043b\u044f \u043e\u043a\u043e\u043d\u0447\u0430\u0442\u0435\u043b\u044c\u043d\u043e\u0433\u043e \u043e\u0431\u043d\u043e\u0432\u043b\u0435\u043d\u0438\u044f \u041f\u041e \u043c\u043e\u0436\u043d\u043e \u0432\u043e\u0441\u043f\u043e\u043b\u044c\u0437\u043e\u0432\u0430\u0442\u044c\u0441\u044f \u043a\u043e\u043c\u0430\u043d\u0434\u043e\u0439:\r\n\r\ndownload firmware_fromTFTP <TFTP_IP> src_file <FW_FILE>",
        "hw_version": "C1",
        "ports_count": 10,
        "ports_names": "1,2,3,4,5,6,7,8,9,10",
        "ports_types": "3,3,3,3,3,3,3,3,0,0",
        "cfg_template": "",
        "cfg_download_commands": "\u0414\u043b\u044f \u0437\u0430\u0433\u0440\u0443\u0437\u043a\u0438 \u043a\u043e\u043d\u0444\u0438\u0433\u0430 \u043d\u0430 \u043a\u043e\u043c\u043c\u0443\u0442\u0430\u0442\u043e\u0440 \u0438\u0441\u043f\u043e\u043b\u044c\u0437\u0443\u0439\u0442\u0435 \u043a\u043e\u043c\u0430\u043d\u0434\u044b (\u043d\u0435 \u0437\u0430\u0431\u0443\u0434\u044c\u0442\u0435 \u0441\u043e\u0445\u0440\u0430\u043d\u0438\u0442\u044c\u0441\u044f):\r\n\r\ndownload cfg_fromTFTP <TFTP_IP> src_file <CFG_FILE>\r\nsave\r\nreboot\r\n\r\n\r\n\u0427\u0442\u043e\u0431\u044b \u0437\u0430\u0433\u0440\u0443\u0437\u0438\u0442\u044c \u043a\u043e\u043d\u0444\u0438\u0433\u0443\u0440\u0430\u0446\u0438\u044e \u0441 \u043f\u043e\u043c\u043e\u0449\u044c\u044e \u043f\u0440\u043e\u0442\u043e\u043a\u043e\u043b\u0430 SNMP \u0438\u0441\u043f\u043e\u043b\u044c\u0437\u0443\u0439\u0442\u0435 \u0441\u043b\u0435\u0434\u0443\u044e\u0449\u0438\u0435 \u043a\u043e\u043c\u0430\u043d\u0434\u044b:\r\n\r\nsnmpset -v2c -c <RW_COMMUNITY> <IP> 1.3.6.1.4.1.171.12.1.2.1.1.3.3 a  <TFTP_IP>\r\nsnmpset -v2c -c <RW_COMMUNITY> <IP> 1.3.6.1.4.1.171.12.1.2.1.1.4.3 i 2\r\nsnmpset -v2c -c <RW_COMMUNITY> <IP> 1.3.6.1.4.1.171.12.1.2.1.1.5.3 s <CFG_FILE>\r\nsnmpset -v2c -c <RW_COMMUNITY> <IP> 1.3.6.1.4.1.171.12.1.2.1.1.7.3 i 3\r\nsnmpset -v2c -c <RW_COMMUNITY> <IP> 1.3.6.1.4.1.171.12.1.2.1.1.8.3 i 3"
    }
},
{
    "model": "network.sw_model",
    "pk": 7,
    "fields": {
        "vendor": 1,
        "title": "DES-1210-28/ME B2",
        "eqm_type": "DES-1210-28/ME/B2",
        "fw_version": "6.10.E007",
        "fw_file": "fw/dlink/DES-1210-28-B2-6-10-E007.hex",
        "fw_update_commands": "\u041e\u0431\u0440\u0430\u0442\u0438\u0442\u0435 \u0432\u043d\u0438\u043c\u0430\u043d\u0438\u0435 \u043d\u0430 \u0442\u0443 \u043f\u0440\u043e\u0448\u0438\u0432\u043a\u0443, \u043a\u043e\u0442\u043e\u0440\u0430\u044f \u0441\u0435\u0439\u0447\u0430\u0441 \u0443\u0441\u0442\u0430\u043d\u043e\u0432\u043b\u0435\u043d\u0430 \u043d\u0430 \u043a\u043e\u043c\u043c\u0443\u0442\u0430\u0442\u043e\u0440\u0435. \r\n\u041a\u043e\u043c\u043c\u0443\u0442\u0430\u0442\u043e\u0440 \u0441 \u0434\u0435\u0444\u043e\u043b\u0442\u043d\u043e\u0439 \u043f\u0440\u043e\u0448\u0438\u0432\u043a\u043e\u0439 \u0437\u0430\u043f\u0440\u0435\u0449\u0435\u043d\u043e \u0441\u0442\u0430\u0432\u0438\u0442\u044c \u043d\u0430 \u0441\u0435\u0442\u044c. \u041f\u0435\u0440\u0435\u0434 \u0442\u0435\u043c, \u043a\u0430\u043a \u0443\u0441\u0442\u0430\u043d\u0430\u0432\u043b\u0438\u0432\u0430\u0442\u044c \u043d\u0430 \u0441\u0435\u0442\u044c, \u043f\u0440\u043e\u0448\u0435\u0439\u0442\u0435 \u0435\u0433\u043e \u043d\u0430 \u043a\u043e\u043d\u0446\u0435\u043f\u0442\u0443\u0430\u043b\u044c\u043d\u0443\u044e \u043f\u0440\u043e\u0448\u0438\u0432\u043a\u0443, \u0441\u0431\u0440\u043e\u0441\u044c\u0442\u0435 \u043a\u043e\u043d\u0444\u0438\u0433 \u0434\u043e \u0437\u0430\u0432\u043e\u0434\u0441\u043a\u0438\u0445 (reset system), \u0442\u043e\u043b\u044c\u043a\u043e \u043f\u043e\u0441\u043b\u0435 \u044d\u0442\u043e\u0433\u043e \u0437\u0430\u043b\u0438\u0432\u0430\u0439\u0442\u0435 \u043d\u043e\u0432\u044b\u0439.\r\n\r\n\u041f\u0440\u043e\u0448\u0438\u0432\u043a\u0430 \u043d\u0430 \u043a\u043e\u043d\u0446\u0435\u043f\u0442\u0443\u0430\u043b\u044c\u043d\u0443\u044e \u0432\u0435\u0440\u0441\u0438\u044e (<FW>)\r\ndownload firmware_fromTFTP <TFTP_IP> <FW_FILE>",
        "hw_version": "B2",
        "ports_count": 28,
        "ports_names": "1,2,3,4,5,6,7,8,9,10,11,12,13,14,15,16,17,18,19,20,21,22,23,24,25,26,27,28",
        "ports_types": "3,3,3,3,3,3,3,3,3,3,3,3,3,3,3,3,3,3,3,3,3,3,3,3,1,1,0,0",
        "cfg_template": "",
        "cfg_download_commands": "\u0414\u043b\u044f \u0437\u0430\u0433\u0440\u0443\u0437\u043a\u0438 \u043a\u043e\u043d\u0444\u0438\u0433\u0430 \u043d\u0430 \u043a\u043e\u043c\u043c\u0443\u0442\u0430\u0442\u043e\u0440 \u0438\u0441\u043f\u043e\u043b\u044c\u0437\u0443\u0439\u0442\u0435 \u043a\u043e\u043c\u043c\u0430\u043d\u0434\u044b:\r\n\r\n\r\ndownload cfg_fromTFTP <TFTP_IP> <CFG_FILE> config_id 1\r\nreboot\r\n\r\n\r\n\u0427\u0442\u043e\u0431\u044b \u0437\u0430\u0433\u0440\u0443\u0437\u0438\u0442\u044c \u043a\u043e\u043d\u0444\u0438\u0433\u0443\u0440\u0430\u0446\u0438\u044e \u0441 \u043f\u043e\u043c\u043e\u0449\u044c\u044e \u043f\u0440\u043e\u0442\u043e\u043a\u043e\u043b\u0430 SNMP \u0438\u0441\u043f\u043e\u043b\u044c\u0437\u0443\u0439\u0442\u0435 \u0441\u043b\u0435\u0434\u0443\u044e\u0449\u0438\u0435 \u043a\u043e\u043c\u0430\u043d\u0434\u044b:\r\n\r\nsnmpset -v2c -c <RW_COMMUNITY> <IP> 1.3.6.1.4.1.171.12.1.2.1.1.3.3 a <TFTP_IP>\r\nsnmpset -v2c -c <RW_COMMUNITY> <IP> 1.3.6.1.4.1.171.12.1.2.1.1.4.3 i 2\r\nsnmpset -v2c -c <RW_COMMUNITY> <IP> 1.3.6.1.4.1.171.12.1.2.1.1.5.3 s <CFG_FILE>\r\nsnmpset -v2c -c <RW_COMMUNITY> <IP> 1.3.6.1.4.1.171.12.1.2.1.1.7.3 i 3\r\nsnmpset -v2c -c <RW_COMMUNITY> <IP> 1.3.6.1.4.1.171.12.1.2.1.1.8.3 i 3"
    }
},
{
    "model": "network.sw_model",
    "pk": 8,
    "fields": {
        "vendor": 1,
        "title": "DES-1210-28/ME B3",
        "eqm_type": "DES-1210-28/ME/B3",
        "fw_version": "10.04.E007",
        "fw_file": "fw/dlink/DES-1210-28-B3-10-04-E007.hex",
        "fw_update_commands": "\u041e\u0431\u0440\u0430\u0442\u0438\u0442\u0435 \u0432\u043d\u0438\u043c\u0430\u043d\u0438\u0435 \u043d\u0430 \u0442\u0443 \u043f\u0440\u043e\u0448\u0438\u0432\u043a\u0443, \u043a\u043e\u0442\u043e\u0440\u0430\u044f \u0441\u0435\u0439\u0447\u0430\u0441 \u0443\u0441\u0442\u0430\u043d\u043e\u0432\u043b\u0435\u043d\u0430 \u043d\u0430 \u043a\u043e\u043c\u043c\u0443\u0442\u0430\u0442\u043e\u0440\u0435. \r\n\u041a\u043e\u043c\u043c\u0443\u0442\u0430\u0442\u043e\u0440 \u0441 \u0434\u0435\u0444\u043e\u043b\u0442\u043d\u043e\u0439 \u043f\u0440\u043e\u0448\u0438\u0432\u043a\u043e\u0439 \u0437\u0430\u043f\u0440\u0435\u0449\u0435\u043d\u043e \u0441\u0442\u0430\u0432\u0438\u0442\u044c \u043d\u0430 \u0441\u0435\u0442\u044c. \u041f\u0435\u0440\u0435\u0434 \u0442\u0435\u043c, \u043a\u0430\u043a \u0443\u0441\u0442\u0430\u043d\u0430\u0432\u043b\u0438\u0432\u0430\u0442\u044c \u043d\u0430 \u0441\u0435\u0442\u044c, \u043f\u0440\u043e\u0448\u0435\u0439\u0442\u0435 \u0435\u0433\u043e \u043d\u0430 \u043a\u043e\u043d\u0446\u0435\u043f\u0442\u0443\u0430\u043b\u044c\u043d\u0443\u044e \u043f\u0440\u043e\u0448\u0438\u0432\u043a\u0443, \u0441\u0431\u0440\u043e\u0441\u044c\u0442\u0435 \u043a\u043e\u043d\u0444\u0438\u0433 \u0434\u043e \u0437\u0430\u0432\u043e\u0434\u0441\u043a\u0438\u0445 (reset system), \u0442\u043e\u043b\u044c\u043a\u043e \u043f\u043e\u0441\u043b\u0435 \u044d\u0442\u043e\u0433\u043e \u0437\u0430\u043b\u0438\u0432\u0430\u0439\u0442\u0435 \u043d\u043e\u0432\u044b\u0439.\r\n\r\n\u041f\u0440\u043e\u0448\u0438\u0432\u043a\u0430 \u043d\u0430 \u043a\u043e\u043d\u0446\u0435\u043f\u0442\u0443\u0430\u043b\u044c\u043d\u0443\u044e \u0432\u0435\u0440\u0441\u0438\u044e (<FW>)\r\ndownload firmware_fromTFTP <TFTP_IP> <FW_FILE>",
        "hw_version": "B3",
        "ports_count": 28,
        "ports_names": "1,2,3,4,5,6,7,8,9,10,11,12,13,14,15,16,17,18,19,20,21,22,23,24,25,26,27,28",
        "ports_types": "3,3,3,3,3,3,3,3,3,3,3,3,3,3,3,3,3,3,3,3,3,3,3,3,1,1,0,0",
        "cfg_template": "",
        "cfg_download_commands": "\u0414\u043b\u044f \u0437\u0430\u0433\u0440\u0443\u0437\u043a\u0438 \u043a\u043e\u043d\u0444\u0438\u0433\u0430 \u043d\u0430 \u043a\u043e\u043c\u043c\u0443\u0442\u0430\u0442\u043e\u0440 \u0438\u0441\u043f\u043e\u043b\u044c\u0437\u0443\u0439\u0442\u0435 \u043a\u043e\u043c\u043c\u0430\u043d\u0434\u044b:\r\n\r\n\r\ndownload cfg_fromTFTP <TFTP_IP> <CFG_FILE> config_id 1\r\nreboot\r\n\r\n\r\n\u0427\u0442\u043e\u0431\u044b \u0437\u0430\u0433\u0440\u0443\u0437\u0438\u0442\u044c \u043a\u043e\u043d\u0444\u0438\u0433\u0443\u0440\u0430\u0446\u0438\u044e \u0441 \u043f\u043e\u043c\u043e\u0449\u044c\u044e \u043f\u0440\u043e\u0442\u043e\u043a\u043e\u043b\u0430 SNMP \u0438\u0441\u043f\u043e\u043b\u044c\u0437\u0443\u0439\u0442\u0435 \u0441\u043b\u0435\u0434\u0443\u044e\u0449\u0438\u0435 \u043a\u043e\u043c\u0430\u043d\u0434\u044b:\r\n\r\nsnmpset -v2c -c <RW_COMMUNITY> <IP> 1.3.6.1.4.1.171.12.1.2.1.1.3.3 a <TFTP_IP>\r\nsnmpset -v2c -c <RW_COMMUNITY> <IP> 1.3.6.1.4.1.171.12.1.2.1.1.4.3 i 2\r\nsnmpset -v2c -c <RW_COMMUNITY> <IP> 1.3.6.1.4.1.171.12.1.2.1.1.5.3 s <CFG_FILE>\r\nsnmpset -v2c -c <RW_COMMUNITY> <IP> 1.3.6.1.4.1.171.12.1.2.1.1.7.3 i 3\r\nsnmpset -v2c -c <RW_COMMUNITY> <IP> 1.3.6.1.4.1.171.12.1.2.1.1.8.3 i 3"
    }
},
{
    "model": "network.sw_model",
    "pk": 9,
    "fields": {
        "vendor": 1,
        "title": "DES-1210-52/ME C1",
        "eqm_type": "DES-1210-52/ME",
        "fw_version": "20.02.B028",
        "fw_file": "fw/dlink/DES-1210-52ME-C1-20-02-B028.hex",
        "fw_update_commands": "\u0414\u043b\u044f \u043f\u0440\u043e\u0448\u0438\u0432\u043a\u0438 \u043a\u043e\u043c\u043c\u0443\u0442\u0430\u0442\u043e\u0440\u0430 \u0438\u0441\u043f\u043e\u043b\u044c\u0437\u0443\u0439\u0442\u0435 \u043a\u043e\u043c\u0430\u043d\u0434\u0443:\r\n\r\ndownload firmware_fromTFTP 109.194.16.10 ttt image_id 1",
        "hw_version": "C1",
        "ports_count": 52,
        "ports_names": "1,2,3,4,5,6,7,8,9,10,11,12,13,14,15,16,17,18,19,20,21,22,23,24,25,26,27,28,29,30,31,32,33,34,35,36,37,38,39,40,41,42,43,44,45,46,47,48,49,50,51,52",
        "ports_types": "3,3,3,3,3,3,3,3,3,3,3,3,3,3,3,3,3,3,3,3,3,3,3,3,3,3,3,3,3,3,3,3,3,3,3,3,3,3,3,3,3,3,3,3,3,3,3,3,1,1,0,0",
        "cfg_template": "",
        "cfg_download_commands": "\u0414\u043b\u044f \u0437\u0430\u0433\u0440\u0443\u0437\u043a\u0438 \u043a\u043e\u043d\u0444\u0438\u0433\u0443\u0440\u0430\u0446\u0438\u0438 \u0438\u0441\u043f\u043e\u043b\u044c\u0437\u0443\u0439\u0442\u0435 \u043a\u043e\u043c\u0430\u043d\u0434\u0443:\r\n\r\ndownload cfg_fromTFTP 109.194.16.10 ttt config_id 1"
    }
},
{
    "model": "network.sw_model",
    "pk": 10,
    "fields": {
        "vendor": 2,
        "title": "ZXR10 2928E",
        "eqm_type": "ZXR10 2928E",
        "fw_version": "V2.05.12B27P07",
        "fw_file": "fw/zte/V2.05.12B27P07/zImage",
        "fw_update_commands": "\u041f\u043e\u0441\u043b\u0435\u0434\u043d\u044f\u044f \u043f\u0440\u043e\u0442\u0435\u0441\u0442\u0438\u0440\u043e\u0432\u0430\u043d\u043d\u0430\u044f \u0432\u0435\u0440\u0441\u0438\u044f <FW>, bootrom v3.28\r\n\u0415\u0441\u043b\u0438 \u043a\u043e\u043c\u043c\u0443\u0442\u0430\u0442\u043e\u0440 \u043f\u0440\u0438\u0448\u0435\u043b \u0441 \u041f\u041e V2.05.12B36 \u0442\u043e \u043c\u043e\u0436\u043d\u043e \u043d\u0435 \u0434\u0430\u0443\u043d\u0433\u0440\u0435\u0439\u0434\u0438\u0442\u044c.\r\n\r\n\u041f\u043e\u0443\u043c\u043e\u043b\u0447\u0430\u043d\u0438\u044e \u043b\u043e\u043a\u0430\u043b\u044c\u043d\u0430\u044f \u0430\u0432\u0442\u043e\u0440\u0438\u0437\u0430\u0446\u0438\u044f \u043d\u0430 \u043a\u043e\u043c\u043c\u0443\u0442\u0430\u0442\u043e\u0440\u0430\u0445\r\nl: admin\r\np: zhongxing\r\n\r\n\u041d\u0430 \u0441\u0442\u0430\u0440\u044b\u0445 \u0432\u0435\u0440\u0441\u0438\u044f\u0445 \u041f\u041e \u043f\u0440\u0438 \u043f\u0440\u043e\u0448\u0438\u0432\u043a\u0435 \u0441\u043b\u0435\u0442\u0430\u043b \u0441\u0435\u0440\u0438\u0439\u043d\u044b\u0439 \u043d\u043e\u043c\u0435\u0440 \u043a\u043e\u043c\u043c\u0443\u0442\u0430\u0442\u043e\u0440\u0430, \u0447\u0442\u043e\u0431\u044b \u043f\u0440\u043e\u043f\u0438\u0441\u0430\u044c\u0442 \u0441\u0438\u0440\u0438\u0439\u043d\u044b\u0439 \u043d\u043e\u043c\u0435\u0440 \u043e\u0431\u0440\u0430\u0442\u043d\u043e \u0434\u0435\u043b\u0430\u0435\u043c \u0442\u0430\u043a:\r\nhostname DEBUG\r\nreg etag set [s/n]\r\nwrite\r\n\r\n\u0414\u043b\u044f \u043e\u0431\u043d\u043e\u0432\u043b\u0435\u043d\u0438\u044f \u041f\u041e \u043c\u043e\u0436\u043d\u043e \u0432\u043e\u0441\u043f\u043e\u043b\u044c\u0437\u043e\u0432\u0430\u0442\u044c\u0441\u044f \u043a\u043e\u043c\u0430\u043d\u0434\u0430\u043c\u0438:\r\n\r\nconfig router\r\nset ipport 0 ipaddress [free]\r\nset ipport 0 vlan 1\r\nset ipport 0 enable\r\nexit\r\n\r\nconfig tffs\r\ncd /img\r\ntftp <TFTP_IP> download fw/zte/V2.05.12B27P07/bootrom.bin bootrom.bin\r\nupdate bootrom\r\n\r\ntftp <TFTP_IP> download <FW_FILW> zImage2\r\nrename zImage zImage_old\r\nrename zImage2 zImage",
        "hw_version": "",
        "ports_count": 28,
        "ports_names": "1,2,3,4,5,6,7,8,9,10,11,12,13,14,15,16,17,18,19,20,21,22,23,24,25,26,27,28",
        "ports_types": "3,3,3,3,3,3,3,3,3,3,3,3,3,3,3,3,3,3,3,3,3,3,3,3,1,1,0,0",
        "cfg_template": "",
        "cfg_download_commands": "\u0414\u043b\u044f \u0437\u0430\u0433\u0440\u0443\u0437\u043a\u0438 \u043a\u043e\u043d\u0444\u0438\u0433\u0430 \u043d\u0430 \u043a\u043e\u043c\u043c\u0443\u0442\u0430\u0442\u043e\u0440 \u0438\u0441\u043f\u043e\u043b\u044c\u0437\u0443\u0439\u0442\u0435 \u043a\u043e\u043c\u043c\u0430\u043d\u0434\u044b:\r\n\r\nconfig tffs\r\ncd /cfg\r\nrename startrun.dat startrun_old.dat\r\ntftp <TFTP_IP> download <CFG_FILE> startrun.dat\r\nexit\r\nreboot"
    }
},
{
    "model": "network.sw_model",
    "pk": 11,
    "fields": {
        "vendor": 3,
        "title": "s2320-28TP-EI-AC",
        "eqm_type": "S2320-28TP-EI-AC",
        "fw_version": "S2320EI-V200R011C10",
        "fw_file": "fw/huawei/s2350/s2320ei-v200r011c10.cc",
        "fw_update_commands": "\u041d\u0430\u0441\u0442\u0440\u043e\u0439\u043a\u0430 ip \u0438\u043d\u0442\u0435\u0440\u0444\u0435\u0439\u0441\u0430\r\n\r\nsystem-view\r\n\r\ninterface vlanif 1\r\nip address [free]\r\nq\r\nq\r\n\r\n\u041f\u0440\u043e\u0448\u0438\u0432\u043a\u0430\r\n\r\n\u041e\u0431\u0440\u0430\u0442\u0438\u0442\u0435 \u0432\u043d\u0438\u043c\u0430\u043d\u0438\u0435 \u043d\u0430 \u0442\u0443 \u043f\u0440\u043e\u0448\u0438\u0432\u043a\u0443, \u043a\u043e\u0442\u043e\u0440\u0430\u044f \u0441\u0435\u0439\u0447\u0430\u0441 \u0443\u0441\u0442\u0430\u043d\u043e\u0432\u043b\u0435\u043d\u0430 \u043d\u0430 \u043a\u043e\u043c\u043c\u0443\u0442\u0430\u0442\u043e\u0440\u0435. \u041a\u043e\u043d\u0446\u0435\u043f\u0442\u0443\u0430\u043b\u044c\u043d\u043e \u0434\u043e\u043b\u0436\u043d\u0430 \u0431\u044b\u0442\u044c \u0432\u0435\u0440\u0441\u0438\u044f \"<FW>\"\r\n\r\ndisplay version\r\n\r\n\u0414\u043b\u044f \u043f\u0440\u043e\u0448\u0438\u0432\u043a\u0438 \u0438\u0441\u043f\u043e\u043b\u044c\u0437\u0443\u0439\u0442\u0435 \u0441\u043b\u0435\u0434\u0443\u044e\u0449\u0438\u0435 \u043a\u043e\u043c\u0430\u043d\u0434\u044b:\r\n\r\n<b>\u0421\u043f\u043e\u0441\u043e\u0431 \u21161 (\u0417\u0430\u043b\u0438\u0432\u043a\u0430 \u0441\u043e\u0444\u0442\u0430 c FTP \u0441\u0435\u0440\u0432\u0435\u0440\u0430 \u043d\u0430 \u043a\u043e\u043c\u043c\u0443\u0442\u0430\u0442\u043e\u0440)</b>\r\n\r\npatch delete all\r\n\r\nftp <TFTP_IP>\r\n[ftp_login]\r\n[ftp_password]\r\nbinary\r\nget <FW_FILE>\r\nq\r\n\r\nstartup system-software flash:/s2320ei-v200r011c10.cc\r\n\r\n<b>\u0421\u043f\u043e\u0441\u043e\u0431 \u21162 (\u0417\u0430\u043b\u0438\u0432\u043a\u0430 \u0441\u043e\u0444\u0442\u0430 \u043d\u0430 FTP \u0441\u0435\u0440\u0432\u0435\u0440 \u043a\u043e\u043c\u043c\u0443\u0442\u0430\u0442\u043e\u0440\u0430)</b>\r\npatch delete all\r\n\r\nsys-view\r\n\r\nftp server enable\r\n\r\naaa\r\nlocal-user admin password irreversible-cipher K0l0tundr@351\r\nlocal-user admin privilege level 15\r\nlocal-user admin service-type ftp\r\nlocal-user admin ftp-directory flash:/\r\nq\r\nq\r\n\r\n\u0421\u043e \u0441\u0432\u043e\u0435\u0439 \u043c\u0430\u0448\u0438\u043d\u044b \u0438\u043b\u0438 \u0441\u0435\u0440\u0432\u0435\u0440\u0430 cus \u043f\u043e\u0434\u043a\u043b\u044e\u0447\u0430\u0435\u043c\u0441\u044f \u043a ftp \u0441\u0435\u0440\u0432\u0435\u0440\u0443 \u043d\u0430 \u043a\u043e\u043c\u043c\u0443\u0442\u0430\u0442\u043e\u0440\u0435\r\nftp 10.111.31.*FREE*\r\n\r\nadmin\r\nK0l0tundr@351\r\n\r\nbinary\r\n\r\nput /var/tftp/huawei/s2350/s2320ei-v200r011c10.cc\r\n\r\n*/var/tftp/huawei/s2350/ - \u0441\u0441\u044b\u043b\u043a\u0430 \u043d\u0430 \u043f\u0430\u043f\u043a\u0443 \u0441 \u043f\u0440\u043e\u0448\u0438\u0432\u043a\u043e\u0439 \u043d\u0430 \u043c\u0430\u0448\u0438\u043d\u0435, \u0441 \u043a\u043e\u0442\u043e\u0440\u043e\u0439 \u0432\u044b \u043f\u043e\u0434\u043a\u043b\u044e\u0447\u0438\u043b\u0438\u0441\u044c\r\n\r\n\u041d\u0430 \u043a\u043e\u043c\u043c\u0443\u0442\u0430\u0442\u043e\u0440\u0435:\r\n\r\nstartup system-software flash:/s2320ei-v200r011c10.cc\r\n\r\n<b>\u0421\u043f\u043e\u0441\u043e\u0431 \u21163 (\u043f\u043e TFTP)</b>\r\n\u041e\u0431\u043d\u043e\u0432\u043b\u0435\u043d\u0438\u0435 \u043f\u043e TFTP \u043c\u043e\u0436\u0435\u0442 \u0437\u0430\u043d\u044f\u0442\u044c \u043f\u0440\u043e\u0434\u043e\u043b\u0436\u0438\u0442\u0435\u043b\u044c\u043d\u043e\u0435 \u0432\u0440\u0435\u043c\u044f!\r\n\r\ntftp <TFTP_IP> get <FW_FILE>",
        "hw_version": "",
        "ports_count": 28,
        "ports_names": "Ethernet0/0/1,Ethernet0/0/2,Ethernet0/0/3,Ethernet0/0/4,Ethernet0/0/5,Ethernet0/0/6,Ethernet0/0/7,Ethernet0/0/8,Ethernet0/0/9,Ethernet0/0/10,Ethernet0/0/11,Ethernet0/0/12,Ethernet0/0/13,Ethernet0/0/14,Ethernet0/0/15,Ethernet0/0/16,Ethernet0/0/17,Ethernet0/0/18,Ethernet0/0/19,Ethernet0/0/20,GigabitEthernet0/0/1,GigabitEthernet0/0/2,GigabitEthernet0/0/3,GigabitEthernet0/0/4,GigabitEthernet0/0/5,GigabitEthernet0/0/6,GigabitEthernet0/0/7,GigabitEthernet0/0/8",
        "ports_types": "3,3,3,3,3,3,3,3,3,3,3,3,3,3,3,3,3,3,3,3,3,3,3,3,0,0,1,1",
        "cfg_template": "",
        "cfg_download_commands": "\u0414\u043b\u044f \u0437\u0430\u0433\u0440\u0443\u0437\u043a\u0438 \u043a\u043e\u043d\u0444\u0438\u0433\u0430 \u043d\u0430 \u043a\u043e\u043c\u043c\u0443\u0442\u0430\u0442\u043e\u0440 \u0438\u0441\u043f\u043e\u043b\u044c\u0437\u0443\u0439\u0442\u0435 \u043a\u043e\u043c\u043c\u0430\u043d\u0434\u044b:\r\n\r\ntftp <TFTP_IP> get <CFG_FILE> vrp.cfg\r\n\r\nstartup saved-configuration flash:/vrp.cfg\r\nreboot fast\r\ny"
    }
},
{
    "model": "network.access_node",
    "pk": 15,
    "fields": {
        "address": "\u041a\u0443\u043b\u0442\u0443\u043a\u0441\u043a\u0430\u044f, 13",
        "thread": 82
    }
},
{
    "model": "network.access_node",
    "pk": 16,
    "fields": {
        "address": "\u041f\u0430\u043b\u0435\u043d\u043e\u0432\u0430, 8",
        "thread": 82
    }
},
{
    "model": "network.access_switch",
    "pk": 1,
    "fields": {
        "access_node": 15,
        "sw_model": 5,
        "ip": "10.225.16.7",
        "cfg_file": "cfg_file.cfg"
    }
},
{
    "model": "network.access_switch",
    "pk": 2,
    "fields": {
        "access_node": 15,
        "sw_model": 1,
        "ip": "10.225.16.1",
        "cfg_file": ""
    }
},
{
    "model": "network.port_of_access_switch",
    "pk": 787,
    "fields": {
        "access_switch": 1,
        "num_in_switch": 1,
        "description": "IPoE",
        "port_name": "1",
        "port_type": 4,
        "u_vlan": 3800,
        "t_vlans": ""
    }
},
{
    "model": "network.port_of_access_switch",
    "pk": 788,
    "fields": {
        "access_switch": 1,
        "num_in_switch": 2,
        "description": "PPPOE_CLIENT",
        "port_name": "2",
        "port_type": 3,
        "u_vlan": 1002,
        "t_vlans": ""
    }
},
{
    "model": "network.port_of_access_switch",
    "pk": 789,
    "fields": {
        "access_switch": 1,
        "num_in_switch": 3,
        "description": "PPPOE_CLIENT",
        "port_name": "3",
        "port_type": 3,
        "u_vlan": 1003,
        "t_vlans": ""
    }
},
{
    "model": "network.port_of_access_switch",
    "pk": 790,
    "fields": {
        "access_switch": 1,
        "num_in_switch": 4,
        "description": "PPPOE_CLIENT",
        "port_name": "4",
        "port_type": 3,
        "u_vlan": 1004,
        "t_vlans": ""
    }
},
{
    "model": "network.port_of_access_switch",
    "pk": 791,
    "fields": {
        "access_switch": 1,
        "num_in_switch": 5,
        "description": "PPPOE_CLIENT",
        "port_name": "5",
        "port_type": 3,
        "u_vlan": 1005,
        "t_vlans": ""
    }
},
{
    "model": "network.port_of_access_switch",
    "pk": 792,
    "fields": {
        "access_switch": 1,
        "num_in_switch": 6,
        "description": "PPPOE_CLIENT",
        "port_name": "6",
        "port_type": 3,
        "u_vlan": 1006,
        "t_vlans": ""
    }
},
{
    "model": "network.port_of_access_switch",
    "pk": 793,
    "fields": {
        "access_switch": 1,
        "num_in_switch": 7,
        "description": "PPPOE_CLIENT",
        "port_name": "7",
        "port_type": 3,
        "u_vlan": 1007,
        "t_vlans": ""
    }
},
{
    "model": "network.port_of_access_switch",
    "pk": 794,
    "fields": {
        "access_switch": 1,
        "num_in_switch": 8,
        "description": "PPPOE_CLIENT",
        "port_name": "8",
        "port_type": 3,
        "u_vlan": 1008,
        "t_vlans": ""
    }
},
{
    "model": "network.port_of_access_switch",
    "pk": 795,
    "fields": {
        "access_switch": 1,
        "num_in_switch": 9,
        "description": "PPPOE_CLIENT",
        "port_name": "9",
        "port_type": 3,
        "u_vlan": 1009,
        "t_vlans": ""
    }
},
{
    "model": "network.port_of_access_switch",
    "pk": 796,
    "fields": {
        "access_switch": 1,
        "num_in_switch": 10,
        "description": "PPPOE_CLIENT",
        "port_name": "10",
        "port_type": 3,
        "u_vlan": 1010,
        "t_vlans": ""
    }
},
{
    "model": "network.port_of_access_switch",
    "pk": 797,
    "fields": {
        "access_switch": 1,
        "num_in_switch": 11,
        "description": "PPPOE_CLIENT",
        "port_name": "11",
        "port_type": 3,
        "u_vlan": 1011,
        "t_vlans": ""
    }
},
{
    "model": "network.port_of_access_switch",
    "pk": 798,
    "fields": {
        "access_switch": 1,
        "num_in_switch": 12,
        "description": "PPPOE_CLIENT",
        "port_name": "12",
        "port_type": 3,
        "u_vlan": 1012,
        "t_vlans": ""
    }
},
{
    "model": "network.port_of_access_switch",
    "pk": 799,
    "fields": {
        "access_switch": 1,
        "num_in_switch": 13,
        "description": "PPPOE_CLIENT",
        "port_name": "13",
        "port_type": 3,
        "u_vlan": 1013,
        "t_vlans": ""
    }
},
{
    "model": "network.port_of_access_switch",
    "pk": 800,
    "fields": {
        "access_switch": 1,
        "num_in_switch": 14,
        "description": "PPPOE_CLIENT",
        "port_name": "14",
        "port_type": 3,
        "u_vlan": 1014,
        "t_vlans": ""
    }
},
{
    "model": "network.port_of_access_switch",
    "pk": 801,
    "fields": {
        "access_switch": 1,
        "num_in_switch": 15,
        "description": "PPPOE_CLIENT",
        "port_name": "15",
        "port_type": 3,
        "u_vlan": 1015,
        "t_vlans": ""
    }
},
{
    "model": "network.port_of_access_switch",
    "pk": 802,
    "fields": {
        "access_switch": 1,
        "num_in_switch": 16,
        "description": "PPPOE_CLIENT",
        "port_name": "16",
        "port_type": 3,
        "u_vlan": 1016,
        "t_vlans": ""
    }
},
{
    "model": "network.port_of_access_switch",
    "pk": 803,
    "fields": {
        "access_switch": 1,
        "num_in_switch": 17,
        "description": "PPPOE_CLIENT",
        "port_name": "17",
        "port_type": 3,
        "u_vlan": 1017,
        "t_vlans": ""
    }
},
{
    "model": "network.port_of_access_switch",
    "pk": 804,
    "fields": {
        "access_switch": 1,
        "num_in_switch": 18,
        "description": "PPPOE_CLIENT",
        "port_name": "18",
        "port_type": 3,
        "u_vlan": 1018,
        "t_vlans": ""
    }
},
{
    "model": "network.port_of_access_switch",
    "pk": 805,
    "fields": {
        "access_switch": 1,
        "num_in_switch": 19,
        "description": "PPPOE_CLIENT",
        "port_name": "19",
        "port_type": 3,
        "u_vlan": 1019,
        "t_vlans": ""
    }
},
{
    "model": "network.port_of_access_switch",
    "pk": 806,
    "fields": {
        "access_switch": 1,
        "num_in_switch": 20,
        "description": "PPPOE_CLIENT",
        "port_name": "20",
        "port_type": 3,
        "u_vlan": 1020,
        "t_vlans": ""
    }
},
{
    "model": "network.port_of_access_switch",
    "pk": 807,
    "fields": {
        "access_switch": 1,
        "num_in_switch": 21,
        "description": "PPPOE_CLIENT",
        "port_name": "21",
        "port_type": 3,
        "u_vlan": 1021,
        "t_vlans": ""
    }
},
{
    "model": "network.port_of_access_switch",
    "pk": 808,
    "fields": {
        "access_switch": 1,
        "num_in_switch": 22,
        "description": "PPPOE_CLIENT",
        "port_name": "22",
        "port_type": 3,
        "u_vlan": 1022,
        "t_vlans": ""
    }
},
{
    "model": "network.port_of_access_switch",
    "pk": 809,
    "fields": {
        "access_switch": 1,
        "num_in_switch": 23,
        "description": "PPPOE_CLIENT",
        "port_name": "23",
        "port_type": 3,
        "u_vlan": 1023,
        "t_vlans": ""
    }
},
{
    "model": "network.port_of_access_switch",
    "pk": 810,
    "fields": {
        "access_switch": 1,
        "num_in_switch": 24,
        "description": "PPPOE_CLIENT",
        "port_name": "24",
        "port_type": 3,
        "u_vlan": 1024,
        "t_vlans": ""
    }
},
{
    "model": "network.port_of_access_switch",
    "pk": 811,
    "fields": {
        "access_switch": 1,
        "num_in_switch": 25,
        "description": "UPLINK",
        "port_name": "25",
        "port_type": 0,
        "u_vlan": 1,
        "t_vlans": "1,1002-1024,1052-1074,3800"
    }
},
{
    "model": "network.port_of_access_switch",
    "pk": 812,
    "fields": {
        "access_switch": 1,
        "num_in_switch": 26,
        "description": "UPLINK",
        "port_name": "26",
        "port_type": 0,
        "u_vlan": 1,
        "t_vlans": "1,1002-1024,1052-1074,3800"
    }
},
{
    "model": "network.port_of_access_switch",
    "pk": 815,
    "fields": {
        "access_switch": 2,
        "num_in_switch": 1,
        "description": "SPECIAL_PORT",
        "port_name": "1",
        "port_type": 4,
        "u_vlan": 1,
        "t_vlans": "1002-1024,1052-1074,3800"
    }
},
{
    "model": "network.port_of_access_switch",
    "pk": 816,
    "fields": {
        "access_switch": 2,
        "num_in_switch": 2,
        "description": "PPPOE_CLIENT",
        "port_name": "2",
        "port_type": 3,
        "u_vlan": 1052,
        "t_vlans": ""
    }
},
{
    "model": "network.port_of_access_switch",
    "pk": 817,
    "fields": {
        "access_switch": 2,
        "num_in_switch": 3,
        "description": "PPPOE_CLIENT",
        "port_name": "3",
        "port_type": 3,
        "u_vlan": 1053,
        "t_vlans": ""
    }
},
{
    "model": "network.port_of_access_switch",
    "pk": 818,
    "fields": {
        "access_switch": 2,
        "num_in_switch": 4,
        "description": "PPPOE_CLIENT",
        "port_name": "4",
        "port_type": 3,
        "u_vlan": 1054,
        "t_vlans": ""
    }
},
{
    "model": "network.port_of_access_switch",
    "pk": 819,
    "fields": {
        "access_switch": 2,
        "num_in_switch": 5,
        "description": "PPPOE_CLIENT",
        "port_name": "5",
        "port_type": 3,
        "u_vlan": 1055,
        "t_vlans": ""
    }
},
{
    "model": "network.port_of_access_switch",
    "pk": 820,
    "fields": {
        "access_switch": 2,
        "num_in_switch": 6,
        "description": "PPPOE_CLIENT",
        "port_name": "6",
        "port_type": 3,
        "u_vlan": 1056,
        "t_vlans": ""
    }
},
{
    "model": "network.port_of_access_switch",
    "pk": 821,
    "fields": {
        "access_switch": 2,
        "num_in_switch": 7,
        "description": "PPPOE_CLIENT",
        "port_name": "7",
        "port_type": 3,
        "u_vlan": 1057,
        "t_vlans": ""
    }
},
{
    "model": "network.port_of_access_switch",
    "pk": 822,
    "fields": {
        "access_switch": 2,
        "num_in_switch": 8,
        "description": "PPPOE_CLIENT",
        "port_name": "8",
        "port_type": 3,
        "u_vlan": 1058,
        "t_vlans": ""
    }
},
{
    "model": "network.port_of_access_switch",
    "pk": 823,
    "fields": {
        "access_switch": 2,
        "num_in_switch": 9,
        "description": "PPPOE_CLIENT",
        "port_name": "9",
        "port_type": 3,
        "u_vlan": 1059,
        "t_vlans": ""
    }
},
{
    "model": "network.port_of_access_switch",
    "pk": 824,
    "fields": {
        "access_switch": 2,
        "num_in_switch": 10,
        "description": "PPPOE_CLIENT",
        "port_name": "10",
        "port_type": 3,
        "u_vlan": 1060,
        "t_vlans": ""
    }
},
{
    "model": "network.port_of_access_switch",
    "pk": 843,
    "fields": {
        "access_switch": 2,
        "num_in_switch": 11,
        "description": "PPPOE_CLIENT",
        "port_name": "11",
        "port_type": 3,
        "u_vlan": 1061,
        "t_vlans": ""
    }
},
{
    "model": "network.port_of_access_switch",
    "pk": 844,
    "fields": {
        "access_switch": 2,
        "num_in_switch": 12,
        "description": "PPPOE_CLIENT",
        "port_name": "12",
        "port_type": 3,
        "u_vlan": 1062,
        "t_vlans": ""
    }
},
{
    "model": "network.port_of_access_switch",
    "pk": 845,
    "fields": {
        "access_switch": 2,
        "num_in_switch": 13,
        "description": "PPPOE_CLIENT",
        "port_name": "13",
        "port_type": 3,
        "u_vlan": 1063,
        "t_vlans": ""
    }
},
{
    "model": "network.port_of_access_switch",
    "pk": 846,
    "fields": {
        "access_switch": 2,
        "num_in_switch": 14,
        "description": "PPPOE_CLIENT",
        "port_name": "14",
        "port_type": 3,
        "u_vlan": 1064,
        "t_vlans": ""
    }
},
{
    "model": "network.port_of_access_switch",
    "pk": 847,
    "fields": {
        "access_switch": 2,
        "num_in_switch": 15,
        "description": "PPPOE_CLIENT",
        "port_name": "15",
        "port_type": 3,
        "u_vlan": 1065,
        "t_vlans": ""
    }
},
{
    "model": "network.port_of_access_switch",
    "pk": 848,
    "fields": {
        "access_switch": 2,
        "num_in_switch": 16,
        "description": "PPPOE_CLIENT",
        "port_name": "16",
        "port_type": 3,
        "u_vlan": 1066,
        "t_vlans": ""
    }
},
{
    "model": "network.port_of_access_switch",
    "pk": 849,
    "fields": {
        "access_switch": 2,
        "num_in_switch": 17,
        "description": "PPPOE_CLIENT",
        "port_name": "17",
        "port_type": 3,
        "u_vlan": 1067,
        "t_vlans": ""
    }
},
{
    "model": "network.port_of_access_switch",
    "pk": 850,
    "fields": {
        "access_switch": 2,
        "num_in_switch": 18,
        "description": "PPPOE_CLIENT",
        "port_name": "18",
        "port_type": 3,
        "u_vlan": 1068,
        "t_vlans": ""
    }
},
{
    "model": "network.port_of_access_switch",
    "pk": 851,
    "fields": {
        "access_switch": 2,
        "num_in_switch": 19,
        "description": "PPPOE_CLIENT",
        "port_name": "19",
        "port_type": 3,
        "u_vlan": 1069,
        "t_vlans": ""
    }
},
{
    "model": "network.port_of_access_switch",
    "pk": 852,
    "fields": {
        "access_switch": 2,
        "num_in_switch": 20,
        "description": "PPPOE_CLIENT",
        "port_name": "20",
        "port_type": 3,
        "u_vlan": 1070,
        "t_vlans": ""
    }
},
{
    "model": "network.port_of_access_switch",
    "pk": 853,
    "fields": {
        "access_switch": 2,
        "num_in_switch": 21,
        "description": "PPPOE_CLIENT",
        "port_name": "21",
        "port_type": 3,
        "u_vlan": 1071,
        "t_vlans": ""
    }
},
{
    "model": "network.port_of_access_switch",
    "pk": 854,
    "fields": {
        "access_switch": 2,
        "num_in_switch": 22,
        "description": "PPPOE_CLIENT",
        "port_name": "22",
        "port_type": 3,
        "u_vlan": 1072,
        "t_vlans": ""
    }
},
{
    "model": "network.port_of_access_switch",
    "pk": 855,
    "fields": {
        "access_switch": 2,
        "num_in_switch": 23,
        "description": "PPPOE_CLIENT",
        "port_name": "23",
        "port_type": 3,
        "u_vlan": 1073,
        "t_vlans": ""
    }
},
{
    "model": "network.port_of_access_switch",
    "pk": 856,
    "fields": {
        "access_switch": 2,
        "num_in_switch": 24,
        "description": "PPPOE_CLIENT",
        "port_name": "24",
        "port_type": 3,
        "u_vlan": 1074,
        "t_vlans": ""
    }
},
{
    "model": "network.port_of_access_switch",
    "pk": 857,
    "fields": {
        "access_switch": 2,
        "num_in_switch": 25,
        "description": "UPLINK",
        "port_name": "25",
        "port_type": 0,
        "u_vlan": 1,
        "t_vlans": "1,1002-1024,1052-1074,3800"
    }
},
{
    "model": "network.port_of_access_switch",
    "pk": 858,
    "fields": {
        "access_switch": 2,
        "num_in_switch": 26,
        "description": "UPLINK",
        "port_name": "26",
        "port_type": 0,
        "u_vlan": 1,
        "t_vlans": "1,1002-1024,1052-1074,3800"
    }
},
{
    "model": "network.port_of_access_switch",
    "pk": 859,
    "fields": {
        "access_switch": 2,
        "num_in_switch": 27,
        "description": "BRANCH",
        "port_name": "27",
        "port_type": 1,
        "u_vlan": 1,
        "t_vlans": "1,1002-1024,1052-1074,3800"
    }
},
{
    "model": "network.port_of_access_switch",
    "pk": 860,
    "fields": {
        "access_switch": 2,
        "num_in_switch": 28,
        "description": "BRANCH",
        "port_name": "28",
        "port_type": 1,
        "u_vlan": 1,
        "t_vlans": "1,1002-1024,1052-1074,3800"
    }
},
{
    "model": "auth.user",
    "pk": 1,
    "fields": {
        "password": "pbkdf2_sha256$36000$3JsKAqwwG0cZ$yDKgzERY+KitXwQFwmZSxINrs/PkRXl/zh13pBCb3eE=",
        "last_login": "2018-07-23T16:09:51.438Z",
        "is_superuser": true,
        "username": "ilya",
        "first_name": "",
        "last_name": "",
        "email": "ilyamart38@gmail.com",
        "is_staff": true,
        "is_active": true,
        "date_joined": "2018-03-07T06:14:57.846Z",
        "groups": [],
        "user_permissions": []
    }
},
{
    "model": "auth.user",
    "pk": 2,
    "fields": {
        "password": "pbkdf2_sha256$100000$y86D6Greyf0M$XI1ZUClUJzd0/jcxJECcyA7pyomO1icPBCUEceCUM0w=",
        "last_login": "2018-03-17T13:04:28.196Z",
        "is_superuser": false,
        "username": "guest",
        "first_name": "guest",
        "last_name": "guest",
        "email": "guest@guest.com",
        "is_staff": false,
        "is_active": true,
        "date_joined": "2018-03-14T06:34:02Z",
        "groups": [
            1
        ],
        "user_permissions": []
    }
},
{
    "model": "auth.user",
    "pk": 3,
    "fields": {
        "password": "pbkdf2_sha256$100000$TR9ZVTjneEF4$WiJijKwSsES98E2GsCTtqwLtQ6NOguUKA9BUArfXnws=",
        "last_login": "2018-03-21T09:09:51.666Z",
        "is_superuser": true,
        "username": "martynov",
        "first_name": "",
        "last_name": "",
        "email": "ilyamart38@gmail.com",
        "is_staff": true,
        "is_active": true,
        "date_joined": "2018-03-21T09:09:35.013Z",
        "groups": [],
        "user_permissions": []
    }
},
{
    "model": "auth.user",
    "pk": 6,
    "fields": {
        "password": "pbkdf2_sha256$36000$JZqa06cy7fyn$7jTarXJ4QmMZGgKUOcbJNS+e4sDLlZr/MGYdWUJ2e0k=",
        "last_login": "2018-07-23T16:29:42.204Z",
        "is_superuser": false,
        "username": "vasya",
        "first_name": "",
        "last_name": "",
        "email": "ilyamart38@gmail.com",
        "is_staff": false,
        "is_active": true,
        "date_joined": "2018-07-23T16:23:11Z",
        "groups": [
            1
        ],
        "user_permissions": []
    }
},
{
    "model": "registration.registrationprofile",
    "pk": 3,
    "fields": {
        "user": 6,
        "activation_key": "628151fa952d520745c3928e1f6f0b25af6e0d92"
    }
}
]
